"","lhs","op","rhs","label","est","se","z","pvalue","ci.lower","ci.upper"
"1","innovation","~","policy","c",0.203622038419044,0.0293222534653287,6.94428341463628,3.80384612697071e-12,0.146151477681445,0.261092599156643
"2","covid","~","policy","a",0.0632624486068038,0.0285424551199271,2.21643332155532,0.026661839732792,0.00732026454139578,0.119204632672212
"3","innovation","~","covid","b",0.00796282455066596,0.0261453622944265,0.304559732659104,0.760701492470374,-0.0432811439091614,0.0592067930104933
"4","innovation","~~","innovation","",3.07151818865226,0.110725787909368,27.7398630133604,0,2.85449963219008,3.28853674511444
"5","covid","~~","covid","",2.91961202163372,0.105249691399974,27.7398630133604,0,2.71332641710582,3.12589762616163
"6","policy","~~","policy","",2.32864813104887,0,NA,NA,2.32864813104887,2.32864813104887
"7","ab",":=","a*b","ab",0.000503747778901501,0.00166956177163758,0.301724552789324,0.762862049656902,-0.00276853316347305,0.00377602872127605
"8","total",":=","c+(a*b)","total",0.204125786197945,0.029276448262477,6.97235485561167,3.11684011933266e-12,0.14674500200824,0.26150657038765
