"","lhs","op","rhs","label","est","se","z","pvalue","ci.lower","ci.upper"
"1","innovation","~","policy","c",0.206987393507526,0.0292795849523967,7.06934179033105,1.55675472512939e-12,0.149600461518548,0.264374325496504
"2","healthcare","~","policy","a",-0.0370968621121689,0.0185300699930313,-2.00198175862909,0.0452866934334284,-0.0734151319295167,-0.000778592294821252
"3","innovation","~","healthcare","b",0.0771385858265827,0.0402257154580764,1.91764360057131,0.0551562176322371,-0.00170236772360319,0.155979539376769
"4","innovation","~~","innovation","",3.06438115831557,0.110468503641841,27.7398630133604,0,2.84786686975153,3.2808954468796
"5","healthcare","~~","healthcare","",1.2305424752534,0.0443600775771938,27.7398630133604,0,1.14359832085069,1.3174866296561
"6","policy","~~","policy","",2.32864813104887,0,NA,NA,2.32864813104887,2.32864813104887
"7","ab",":=","a*b","ab",-0.00286159948193645,0.00206638342134083,-1.38483470801349,0.166103015403088,-0.00691163656601513,0.00118843760214223
"8","total",":=","c+(a*b)","total",0.20412579402559,0.0292764483555936,6.97235510080543,3.11684011933266e-12,0.146745009653379,0.2615065783978
