"","lhs","op","rhs","label","est","se","z","pvalue","ci.lower","ci.upper"
"1","covid","~","healthcare","c",0.0515526104994143,0.0392775900293924,1.31251969534883,0.189344845125962,-0.0254300513577244,0.128535272356553
"2","innovation","~","healthcare","a",0.0626455324614161,0.0408204990810459,1.53465866100849,0.124867695205966,-0.0173611755683842,0.142652240491216
"3","covid","~","innovation","b",0.0155693023499224,0.0245084112863377,0.635263631249795,0.525256489062158,-0.0324663010895945,0.0636049057894392
"4","covid","~~","covid","",2.92476069100137,0.105435296835919,27.7398630133604,0,2.71811130650368,3.13141007549906
"5","innovation","~~","innovation","",3.16389015932427,0.114055723988271,27.7398630133604,0,2.94034504807662,3.38743527057192
"6","healthcare","~~","healthcare","",1.23374713587087,0,NA,NA,1.23374713587087,1.23374713587087
"7","ab",":=","a*b","ab",0.000975347235763663,0.00166168472130736,0.58696287163084,0.557228642811594,-0.00228149497165925,0.00423218944318657
"8","total",":=","c+(a*b)","total",0.052527957735178,0.0392527161047501,1.33819931326539,0.180831472931198,-0.0244059521255075,0.129461867595863
