"","lhs","op","rhs","label","est","se","z","pvalue","ci.lower","ci.upper"
"1","covid","~","healthcare","c",0.05710589290631,0.0392370448398833,1.45540759094741,0.145556456155535,-0.0197973018396443,0.134009087652264
"2","policy","~","healthcare","a",-0.0700188519225706,0.034974762567656,-2.00198219465034,0.045286646537366,-0.138568126923016,-0.00146957692212525
"3","covid","~","policy","b",0.0653808852228333,0.0285599495876762,2.28925072231379,0.0220647890489452,0.00940441263070829,0.121357357814958
"4","covid","~~","covid","",2.91559918352976,0.105105031777753,27.7398630133604,0,2.70959710665142,3.12160126040809
"5","policy","~~","policy","",2.32259949395617,0.0837278645838133,27.7398630133604,0,2.15849589486945,2.48670309304289
"6","healthcare","~~","healthcare","",1.23374713587087,0,NA,NA,1.23374713587087,1.23374713587087
"7","ab",":=","a*b","ab",-0.00457789452098414,0.00303773753028667,-1.5070079213039,0.131808626800087,-0.0105317506748317,0.00137596163286338
"8","total",":=","c+(a*b)","total",0.0525279983853259,0.0392527152930926,1.33820037653725,0.180831126416469,-0.0244059098845401,0.129461906655192
